{"cameraMode":{"drawMode":0,"name":"Shaded","section":"Shading Mode"},"sceneLighting":false,"audioPlay":false,"sceneViewState":{"m_AlwaysRefresh":false,"showFog":true,"showSkybox":false,"showFlares":true,"showImageEffects":true,"showParticleSystems":true,"showVisualEffectGraphs":true,"m_FxEnabled":true},"in2DMode":false,"pivot":{"x":1.3877630233764649,"y":0.9446224570274353,"z":5.004679203033447},"rotation":{"x":-0.003514403011649847,"y":-0.8049231767654419,"z":-0.004861433058977127,"w":0.5935357809066773},"size":2.073338031768799,"orthographic":false}